Workbook

Sheet TODOS
A1: LISTADO DE RIESGOS MÁS HABITUALES EN UN PROYECTO TIC
A2: COD. | B2: RIESGO | C2: PROBABILIDAD | D2: IMPACTO | E2: RIESGO
A3: A | B3: Elaboración de la Planificación | D3: Máximo | E3: =MAX(E4:E15) -> 0
A4: A.1. | B4: Las definiciones de la planificación, de los recursos y del producto han sido impuestas por el cliente o un directivo superior, y no están equilibradas. | E4: =+C4*D4 -> 0
A5: A.2. | B5: Planificación optimista, «mejor caso» (en lugar de realista, «caso esperado»). | E5: =+C5*D5 -> 0
A6: A.3. | B6: La planificación no incluye tareas necesarias. | E6: =+C6*D6 -> 0
A7: A.4. | B7: La planificación se ha basado en la utilización de personas específicas de un equipo, pero estas personas no están disponibles. | E7: =+C7*D7 -> 0
A8: A.5. | B8: No se puede construir un producto de tal envergadura en el tiempo asignado. | E8: =+C8*D8 -> 0
A9: A.6. | B9: El producto es más grande que el estimado (en líneas de código, en el número de puntos función, o en relación con el tamaño del proyecto anterior). | E9: =+C9*D9 -> 0
A10: A.7. | B10: El esfuerzo es mayor que el estimado (por líneas de código, número de puntos función, módulos, etc.). | E10: =+C10*D10 -> 0
A11: A.8. | B11: La reestimación debida a un retraso en la planificación es demasiado optimista o ignora la historia del proyecto. | E11: =+C11*D11 -> 0
A12: A.9. | B12: La presión excesiva en la planificación reduce la productividad. | E12: =+C12*D12 -> 0
A13: A.10. | B13: La fecha final ha cambiado sin ajustarse al ámbito del producto o a los recursos disponibles. | E13: =+C13*D13 -> 0
A14: A.11. | B14: Un retraso en una tarea produce retrasos en cascada en las tareas dependientes. | E14: =+C14*D14 -> 0
A15: A.12. | B15: Las áreas desconocidas del producto llevan más tiempo del esperado en el diseño y en la implementación. | E15: =+C15*D15 -> 0
A16: B | B16: Organización y Gestión | D16: Máximo | E16: =MAX(E17:E28) -> 0
A17: B.1. | B17: El proyecto carece de un promotor efectivo en los superiores. | E17: =+C17*D17 -> 0
A18: B.2. | B18: El proyecto languidece demasiado en el inicio difuso. | E18: =+C18*D18 -> 0
A19: B.3. | B19: Los despidos y las reducciones de la plantilla reducen la capacidad del equipo. | E19: =+C19*D19 -> 0
A20: B.4. | B20: Dirección o marketing insisten en tomar decisiones técnicas que alargan la planificación | E20: =+C20*D20 -> 0
A21: B.5. | B21: La estructura inadecuada de un equipo reduce la productividad. | E21: =+C21*D21 -> 0
A22: B.6. | B22: El ciclo de revisión/decisión de la directiva es más lento de lo esperado. | E22: =+C22*D22 -> 0
A23: B.7. | B23: El presupuesto varía el plan del proyecto. | E23: =+C23*D23 -> 0
A24: B.8. | B24: La dirección toma decisiones que reducen la motivación del equipo de desarrollo. | E24: =+C24*D24 -> 0
A25: B.9. | B25: Las tareas no técnicas encargadas a terceros necesitan más tiempo del esperado (aprobación del presupuesto, aprobación de la adquisición de material, revisiones legales, seguridad, etc.). | E25: =+C25*D25 -> 0
A26: B.10. | B26: La planificación es demasiado mala para ajustarse a la velocidad de desarrollo deseada. | E26: =+C26*D26 -> 0
A27: B.11. | B27: Los planes del proyecto se abandonan por la presión, llevando al caos y a un desarrollo ineficiente. | E27: =+C27*D27 -> 0
A28: B.12. | B28: La dirección pone más énfasis en las heroicidades que en informarse exactamente del estado, lo que reduce su habilidad para detectar y corregir problemas. | E28: =+C28*D28 -> 0
A29: C | B29: Ambiente/Infraestructura de Desarrollo | D29: Máximo | E29: =MAX(E30:E36) -> 0
A30: C.1. | B30: Los espacios no están disponibles en el momento necesario. | E30: =+C30*D30 -> 0
A31: C.2. | B31: Los espacios están disponibles pero no son adecuados (por ejemplo, falta de teléfonos, cableado de la red, mobiliario, material de oficina, etc.). | E31: =+C31*D31 -> 0
A32: C.3. | B32: Los espacios están sobreutilizados, son ruidosos o distraen. | E32: =+C32*D32 -> 0
A33: C.4. | B33: Las herramientas de desarrollo no están disponibles en el momento deseado. | E33: =+C33*D33 -> 0
A34: C.5. | B34: Las herramientas de desarrollo no funcionan como se esperaba; el personal de desarrollo necesita tiempo para resolverlo o adaptarse a las nuevas herramientas. | E34: =+C34*D34 -> 0
A35: C.6. | B35: Las herramientas de desarrollo no se han elegido en función de sus características técnicas, y no proporcionan las prestaciones previstas. | E35: =+C35*D35 -> 0
A36: C.7. | B36: La curva de aprendizaje para la nueva herramienta de desarrollo es más larga de lo esperado. | E36: =+C36*D36 -> 0
A37: D | B37: Usuarios Finales | D37: Máximo | E37: =MAX(E38:E41) -> 0
A38: D.1. | B38: Los usuarios finales insisten en nuevos requisitos. | E38: =+C38*D38 -> 0
A39: D.2. | B39: En el último momento, a los usuarios finales no les gusta el producto, por lo que hay que volver a diseñarlo y a construirlo. | E39: =+C39*D39 -> 0
A40: D.3. | B40: Los usuarios no han realizado la compra del material necesario para el proyecto y, por tanto, no tienen la infraestructura necesaria. | E40: =+C40*D40 -> 0
A41: D.4. | B41: No se ha solicitado información al usuario, por lo que el producto al final no se ajusta a las necesidades del usuario, y hay que volver a crear el producto. | E41: =+C41*D41 -> 0
A42: E | B42: Cliente | D42: Máximo | E42: =MAX(E43:E53) -> 0
A43: E.1. | B43: El cliente insiste en nuevos requisitos. | E43: =+C43*D43 -> 0
A44: E.2. | B44: Los ciclos de revisión/decisión del cliente para los planes, prototipos y especificaciones son más lentos de lo esperado. | E44: =+C44*D44 -> 0
A45: E.3. | B45: El cliente no participa en los ciclos de revisión de los planes, prototipos y especificaciones, o es incapaz de hacerlo, resultando unos requisitos inestables y la necesidad de realizar unos cambios que consumen tiempo. | E45: =+C45*D45 -> 0
A46: E.4. | B46: El tiempo de comunicación del cliente (por ejemplo, tiempo para responder a las preguntas para aclarar los requisitos) es más lento del esperado. | E46: =+C46*D46 -> 0
A47: E.5. | B47: El cliente insiste en las decisiones técnicas' que alargan la planificación. | E47: =+C47*D47 -> 0
A48: E.6. | B48: El cliente intenta controlar el proceso de desarrollo, con lo que el progreso es más lento de lo esperado. | E48: =+C48*D48 -> 0
A49: E.7. | B49: Los componentes suministrados por el cliente no son adecuados para el producto que se está desarrollando, por lo que se tiene que hacer un trabajo extra de diseño e integración. | E49: =+C49*D49 -> 0
A50: E.8. | B50: Los componentes suministrados por el cliente tienen poca calidad, por lo que tienen que hacerse trabajos extra de comprobación, diseño e integración. | E50: =+C50*D50 -> 0
A51: E.9. | B51: Las herramientas de soporte y entornos impuestos por el cliente son incompatibles, tienen un bajo rendimiento o no funcionan de forma adecuada, con lo que se reduce la productividad. | E51: =+C51*D51 -> 0
A52: E.10. | B52: El cliente no acepta el software entregado, incluso aunque cumpla todas sus especificaciones. | E52: =+C52*D52 -> 0
A53: E.11. | B53: El cliente piensa en una velocidad de desarrollo que el personal de desarrollo no puede alcanzar | E53: =+C53*D53 -> 0
A54: F | B54: Personal Contratado | D54: Máximo | E54: =MAX(E55:E57) -> 0
A55: F.1. | B55: El personal contratado no suministra los componentes en el período establecido. | E55: =+C55*D55 -> 0
A56: F.2. | B56: El personal contratado proporciona material de una calidad inaceptable, por lo que hay que añadir un tiempo extra para mejorar la calidad. | E56: =+C56*D56 -> 0
A57: F.3. | B57: Los proveedores no se integran en el proyecto, con lo que no se alcanza el nivel de rendimiento que se necesita | E57: =+C57*D57 -> 0
A58: G | B58: Requisitos | D58: Máximo | E58: =MAX(E59:E62) -> 0
A59: G.1. | B59: Los requisitos se han adaptado, pero continúan cambiando. | E59: =+C59*D59 -> 0
A60: G.2. | B60: Los requisitos no se han definido correctamente. y su redefinición aumenta el ámbito del proyecto. | E60: =+C60*D60 -> 0
A61: G.3. | B61: Se añaden requisitos extra. | E61: =+C61*D61 -> 0
A62: G.4. | B62: Las partes del proyecto que se no se han especificado claramente consumen más tiempo del esperado | E62: =+C62*D62 -> 0
A63: H | B63: Producto | D63: Máximo | E63: =MAX(E64:E77) -> 0
A64: H.1. | B64: Los módulos propensos a tener errores necesitan más trabajo de comprobación, diseño e implementación. | E64: =+C64*D64 -> 0
A65: H.2. | B65: Una calidad no aceptable requiere de un trabajo de comprobación, diseño e implementación superior al esperado. | E65: =+C65*D65 -> 0
A66: H.3. | B66: Utilizar lo último en informática alarga la planificación de forma impredecible. | E66: =+C66*D66 -> 0
A67: H.4. | B67: El desarrollo de funciones software erróneas requiere volver a diseñarlas y a implementarlas. | E67: =+C67*D67 -> 0
A68: H.5. | B68: El desarrollo de una interfaz de usuario inadecuada requiere volver a diseñarla y a implementarla. | E68: =+C68*D68 -> 0
A69: H.6. | B69: El desarrollo de funciones software innecesario alarga la planificación. | E69: =+C69*D69 -> 0
A70: H.7. | B70: Alcanzar el ámbito del producto o las restricciones de velocidad requiere más tiempo del esperado, incluyendo el tiempo para volver a diseñar e implementar. | E70: =+C70*D70 -> 0
A71: H.8. | B71: Unos requisitos rígidos de compatibilidad con el sistema existente necesitan un trabajo extra de comprobación, diseño e implementación. | E71: =+C71*D71 -> 0
A72: H.9. | B72: Los requisitos para crear interfaces con otros sistemas, otros sistemas complejos, u otros sistemas que no están bajo el control del equipo de desarrollo suponen un diseño, implementación y prueba no previstos. | E72: =+C72*D72 -> 0
A73: H.10. | B73: El requisito de trabajar con varios sistemas operativos necesita más tiempo del esperado. | E73: =+C73*D73 -> 0
A74: H.11. | B74: El trabajo con un entorno software desconocido causa problemas no previstos. | E74: =+C74*D74 -> 0
A75: H.12. | B75: El trabajo con un entorno hardware desconocido causa problemas imprevistos. | E75: =+C75*D75 -> 0
... A77: H.14. | B77: Depender de una tecnología que aún está en fase de desarrollo alarga la planificación | E77: =+C77*D77 -> 0
A78: I | B78: Fuerzas mayores | D78: Máximo | E78: =MAX(E79:E80) -> 0
A79: I.1. | B79: El producto depende de las normativas del gobierno, que pueden cambiar de forma inesperada. | E79: =+C79*D79 -> 0
A80: I.2. | B80: El producto depende de estándares técnicos provisionales, que pueden cambiar de forma inesperada. | E80: =+C80*D80 -> 0
A81: J | B81: Personal | D81: Máximo | E81: =MAX(E82:E105) -> 0
A82: J.1. | B82: La contratación tarda más de lo esperado. | E82: =+C82*D82 -> 0
A83: J.2. | B83: Las tareas preliminares (por ejemplo, formación, finalización de otros proyectos, adquisición de licencias) no se han completado a tiempo. | E83: =+C83*D83 -> 0
A84: J.3. | B84: La falta de relaciones entre la dirección y el equipo de desarrollo ralentiza la toma de decisiones. | E84: =+C84*D84 -> 0
A85: J.4. | B85: Los miembros del equipo no se implican en el proyecto, y por lo tanto no alcanzan el nivel de rendimiento deseado. | E85: =+C85*D85 -> 0
A86: J.5. | B86: La falta de motivación y de moral reduce la productividad. | E86: =+C86*D86 -> 0
A87: J.6. | B87: La falta de la especialización necesaria aumenta los defectos y la necesidad de repetir el trabajo. | E87: =+C87*D87 -> 0
A88: J.7. | B88: El personal necesita un tiempo extra para acostumbrarse a trabajar con herramientas o entornos nuevos. | E88: =+C88*D88 -> 0
A89: J.8. | B89: El personal necesita un tiempo extra para acostumbrarse a trabajar con hardware nuevo. | E89: =+C89*D89 -> 0
A90: J.9. | B90: El personal necesita un tiempo extra para aprender un lenguaje de programación nuevo. | E90: =+C90*D90 -> 0
A91: J.10. | B91: El personal contratado abandona el proyecto antes de su finalización. | E91: =+C91*D91 -> 0
A92: J.11. | B92: Alguien de la plantilla abandona el proyecto antes de su finalización. | E92: =+C92*D92 -> 0
A93: J.12. | B93: La incorporación de nuevo personal de desarrollo al proyecto ya avanzado, y el Aprendizaje y comunicaciones extra imprevistas reducen la eficiencia de los miembros del equipo existentes. | E93: =+C93*D93 -> 0
... A105: J.24. | B105: El sabotaje por parte del personal técnico deriva en una pérdida de trabajo o en un trabajo de poca calidad, por lo que hay que repetir algunos trabajos. | E105: =+C105*D105 -> 0
A106: K | B106: Diseño e Implementación | D106: Máximo | E106: =MAX(E107:E115) -> 0
A107: K.1. | B107: Un diseño demasiado sencillo no cubre las cuestiones principales, con lo que hay que volver a diseñar e implementar. | E107: =+C107*D107 -> 0
A108: K.2. | B108: Un diseño demasiado complejo exige tener en cuenta complicaciones innecesarias e improductivas en la implementación. | E108: =+C108*D108 -> 0
A109: K.3. | B109: Un mal diseño implica volver a diseñar e implementar. | E109: =+C109*D109 -> 0
A110: K.4. | B110: La utilización de metodologías desconocidas deriva en un periodo extra de formación tener que volver atrás para corregir los errores iniciales cometidos en la metodología. | E110: =+C110*D110 -> 0
A111: K.5. | B111: El producto está implementado en un lenguaje de bajo nivel (por ejemplo, ensamblador) y la productividad es menor de la esperada. | E111: =+C111*D111 -> 0
A112: K.6. | B112: No se puede implementar la funcionalidad deseada con el lenguaje o bibliotecas utilizados: el personal de desarrollo tiene que utilizar otras bibliotecas, o crearlas él mismo para conseguir la funcionalidad deseada. | E112: =+C112*D112 -> 0
...

Sheet SELECCION
A1: SELECCIÓN DE RIESGOS MÁS CRITICOS POR CATEGORIA
A2: COD. | B2: RIESGO | C2: PROBABILIDAD | D2: IMPACTO | E2: V. RIESGO | F2: ACC. RECOMEN
A3: A | B3: Elaboración de la Planificación
E4: =+C4*D4 -> 0 | F4: =IF(E4=0,"",IF(E4>='NIVEL DE RIESGO'!$C$9,"MITIGACION",IF(E4>'NIVEL DE RIESGO'!$C$10,"CONTINGENCIA","")))
A5: B | B5: Organización y Gestión
E6: =+C6*D6 -> 0 | F6: =IF(E6=0,"",IF(E6>='NIVEL DE RIESGO'!$C$9,"MITIGACION",IF(E6>'NIVEL DE RIESGO'!$C$10,"CONTINGENCIA","")))
A7: C/D | B7: Ambiente/Infraestructura de Desarrollo - Usuarios Finales
E8: =+C8*D8 -> 0 | F8: =IF(E8=0,"",IF(E8>='NIVEL DE RIESGO'!$C$9,"MITIGACION",IF(E8>'NIVEL DE RIESGO'!$C$10,"CONTINGENCIA","")))
A9: E | B9: Cliente
E10: =+C10*D10 -> 0 | F10: =IF(E10=0,"",IF(E10>='NIVEL DE RIESGO'!$C$9,"MITIGACION",IF(E10>'NIVEL DE RIESGO'!$C$10,"CONTINGENCIA","")))
A11: F/G | B11: Personal Contratado - Requisitos
E12: =+C12*D12 -> 0 | F12: =IF(E12=0,"",IF(E12>='NIVEL DE RIESGO'!$C$9,"MITIGACION",IF(E12>'NIVEL DE RIESGO'!$C$10,"CONTINGENCIA","")))
A13: H/I | B13: Producto - Fuerzas Mayores
E14: =+C14*D14 -> 0 | F14: =IF(E14=0,"",IF(E14>='NIVEL DE RIESGO'!$C$9,"MITIGACION",IF(E14>'NIVEL DE RIESGO'!$C$10,"CONTINGENCIA","")))
A15: J | B15: Personal
E16: =+C16*D16 -> 0 | F16: =IF(E16=0,"",IF(E16>='NIVEL DE RIESGO'!$C$9,"MITIGACION",IF(E16>'NIVEL DE RIESGO'!$C$10,"CONTINGENCIA","")))
A17: K | B17: Diseño e Implementación
E18: =+C18*D18 -> 0 | F18: =IF(E18=0,"",IF(E18>='NIVEL DE RIESGO'!$C$9,"MITIGACION",IF(E18>'NIVEL DE RIESGO'!$C$10,"CONTINGENCIA","")))
A19: L | B19: Proceso
E20: =+C20*D20 -> 0 | F20: =IF(E20=0,"",IF(E20>='NIVEL DE RIESGO'!$C$9,"MITIGACION",IF(E20>'NIVEL DE RIESGO'!$C$10,"CONTINGENCIA","")))

Sheet MITIGACIÓN
A1: ACCIONES DE MITIGACION DE RIESGOS
A2: COD. | B2: RIESGO 1 | D2: PROBABILIDAD | E2: IMPACTO | F2: V. RIESGO
F3: =+D3*E3 -> 0
A4: MEDIDAS DE MITIGACIÓN | D4: NUEVA PROB. | E4: NUEVO IMPC. | F4: V. RIESGO
A5: 1 | F5: =+D5*E5 -> 0
A6: 2
A7: 3
A9: COD. | B9: RIESGO 2 | D9: PROBABILIDAD | E9: IMPACTO | F9: V. RIESGO
F10: =+D10*E10 -> 0
A11: MEDIDAS DE MITIGACIÓN | D11: NUEVA PROB. | E11: NUEVO IMPC. | F11: V. RIESGO
A12: 1 | F12: =+D12*E12 -> 0
A13: 2
A14: 3
A16: COD. | B16: RIESGO 3 | D16: PROBABILIDAD | E16: IMPACTO | F16: V. RIESGO
F17: =+D17*E17 -> 0
A18: MEDIDAS DE MITIGACIÓN | D18: NUEVA PROB. | E18: NUEVO IMPC. | F18: V. RIESGO
A19: 1 | F19: =+D19*E19 -> 0
A20: 2
A21: 3
A23: COD. | B23: RIESGO 4 | D23: PROBABILIDAD | E23: IMPACTO | F23: V. RIESGO
F24: =+D24*E24 -> 0
A25: MEDIDAS DE MITIGACIÓN | D25: NUEVA PROB. | E25: NUEVO IMPC. | F25: V. RIESGO
A26: 1 | F26: =+D26*E26 -> 0
A27: 2
A28: 3
A30: COD. | B30: RIESGO 5 | D30: PROBABILIDAD | E30: IMPACTO | F30: V. RIESGO
F31: =+D31*E31 -> 0
A32: MEDIDAS DE MITIGACIÓN | D32: NUEVA PROB. | E32: NUEVO IMPC. | F32: V. RIESGO
A33: 1 | F33: =+D33*E33 -> 0
A34: 2
A35: 3
A37: COD. | B37: RIESGO 6 | D37: PROBABILIDAD | E37: IMPACTO | F37: V. RIESGO
F38: =+D38*E38 -> 0
A39: MEDIDAS DE MITIGACIÓN | D39: NUEVA PROB. | E39: NUEVO IMPC. | F39: V. RIESGO
A40: 1 | F40: =+D40*E40 -> 0
A41: 2
A42: 3

Sheet CONTINGENCIA
A1: ACCIONES DE CONTINGENCIA DE RIESGOS
A2: COD. | B2: RIESGO 1 | D2: PROBABILIDAD | E2: IMPACTO | F2: V. RIESGO
F3: =+D3*E3 -> 0
A4: MEDIDAS DE CONTINGENCIA
A5: 1
A6: 2
A7: 3
A9: COD. | B9: RIESGO 2 | D9: PROBABILIDAD | E9: IMPACTO | F9: V. RIESGO
F10: =+D10*E10 -> 0
A11: MEDIDAS DE CONTINGENCIA
A12: 1
A13: 2
A14: 3
A16: COD. | B16: RIESGO 3 | D16: PROBABILIDAD | E16: IMPACTO | F16: V. RIESGO
F17: =+D17*E17 -> 0
A18: MEDIDAS DE CONTINGENCIA
A19: 1
A20: 2
A21: 3
A23: COD. | B23: RIESGO 4 | D23: PROBABILIDAD | E23: IMPACTO | F23: V. RIESGO
F24: =+D24*E24 -> 0
A25: MEDIDAS DE CONTINGENCIA
A26: 1
A27: 2
A28: 3
A30: COD. | B30: RIESGO 5 | D30: PROBABILIDAD | E30: IMPACTO | F30: V. RIESGO
F31: =+D31*E31 -> 0
A32: MEDIDAS DE CONTINGENCIA
A33: 1
A34: 2
A35: 3
A37: COD. | B37: RIESGO 6 | D37: PROBABILIDAD | E37: IMPACTO | F37: V. RIESGO
F38: =+D38*E38 -> 0
A39: MEDIDAS DE CONTINGENCIA
A40: 1
A41: 2
A42: 3

Sheet NIVEL DE RIESGO
B2: MAXIMO VALOR | C2: =MAX(SELECCION!E4,SELECCION!E6,SELECCION!E8,SELECCION!E10,SELECCION!E12,SELECCION!E14,SELECCION!E16,SELECCION!E18,SELECCION!E20) -> 0
B3: MINIMO VALOR | C3: =MIN(SELECCION!E4,SELECCION!E6,SELECCION!E8,SELECCION!E10,SELECCION!E12,SELECCION!E14,SELECCION!E16,SELECCION!E18,SELECCION!E20) -> 0
B4: PROMEDIO | C4: =AVERAGE(SELECCION!E4,SELECCION!E6,SELECCION!E8,SELECCION!E10,SELECCION!E12,SELECCION!E14,SELECCION!E16,SELECCION!E18,SELECCION!E20) -> 0
B6: DIFERENCIA SUP | C6: =+(C2-C4)/3 -> 0
B7: DIFERENCIA INF | C7: =+(C4-C3)/3 -> 0
B9: MITIGACIÓN | C9: =+C4+C6 -> 0
B10: CONTINGENCIA | C10: =+C4-C7 -> 0
